序号,平均值,号码,号码出现次数,奇偶比,奇偶比出现次数,总的奇数,总的偶数
1,16.666666666666668
2,16.5
3,16.833333333333332
4,10.833333333333334
5,17.166666666666668
6,14.666666666666666
7,16.5
8,12.666666666666666
9,17.333333333333332
10,10.833333333333334
11,15.666666666666666
12,17.333333333333332
13,19.0
14,12.5
15,19.5
16,25.0
17,18.333333333333332
18,18.833333333333332
19,14.333333333333334
20,21.166666666666668
21,21.333333333333332
22,13.0
23,18.333333333333332
24,15.5
25,11.833333333333334
26,20.333333333333332
27,16.333333333333332
28,19.166666666666668
29,18.5
30,14.166666666666666
31,21.666666666666668
32,21.0
33,16.5
34,16.5
35,6.833333333333333
36,22.0
37,19.333333333333332
38,16.0
39,19.0
40,10.666666666666666
41,14.833333333333334
42,10.0
43,15.166666666666666
44,16.166666666666668
45,14.666666666666666
46,13.166666666666666
47,23.166666666666668
48,21.833333333333332
49,13.0
50,16.666666666666668
51,16.666666666666668
52,18.333333333333332
53,22.0
54,16.833333333333332
55,19.166666666666668
56,21.5
57,24.5
58,21.5
59,10.666666666666666
60,13.0
61,18.166666666666668
62,15.0
63,15.0
64,12.5
65,19.5
66,15.666666666666666
67,16.5
68,24.166666666666668
69,17.833333333333332
70,10.166666666666666
71,15.666666666666666
72,12.333333333333334
73,17.0
74,19.0
75,23.0
76,16.166666666666668
77,17.166666666666668
78,21.166666666666668
79,21.5
80,22.666666666666668
81,17.0
82,20.333333333333332
83,15.0
84,12.5
85,12.333333333333334
86,17.833333333333332
87,11.0
88,18.833333333333332
89,24.0
90,8.0
91,20.5
92,15.0
93,21.333333333333332
94,14.0
95,18.166666666666668
96,17.666666666666668
97,17.5
98,13.666666666666666
99,11.166666666666666
100,16.5
101,21.5
102,23.0
103,14.0
104,12.0
105,18.166666666666668
106,17.0
107,13.166666666666666
108,17.5
109,15.5
110,15.833333333333334
111,16.0
112,14.833333333333334
113,19.166666666666668
114,18.5
115,17.666666666666668
116,12.5
117,7.166666666666667
118,20.0
119,15.166666666666666
120,15.5
121,12.0
122,10.166666666666666
123,16.5
124,20.833333333333332
125,17.666666666666668
126,13.5
127,21.0
128,20.666666666666668
129,18.833333333333332
130,18.5
131,14.166666666666666
132,15.0
133,15.0
134,18.666666666666668
135,19.166666666666668
136,14.166666666666666
137,15.0
138,17.833333333333332
139,17.833333333333332
140,11.333333333333334
141,14.666666666666666
142,11.166666666666666
143,17.5
144,19.833333333333332
145,21.0
146,22.333333333333332
147,15.0
148,15.0
149,16.333333333333332
150,20.666666666666668
151,20.333333333333332
152,16.833333333333332
153,20.833333333333332
154,24.666666666666668
155,18.333333333333332
156,12.5
157,14.833333333333334
158,16.5
159,21.333333333333332
160,15.666666666666666
161,22.0
162,14.833333333333334
163,16.666666666666668
164,21.166666666666668
165,15.666666666666666
166,13.833333333333334
167,15.0
168,16.666666666666668
169,17.333333333333332
170,18.666666666666668
171,22.166666666666668
172,24.666666666666668
173,11.666666666666666
174,18.833333333333332
175,18.666666666666668
176,11.666666666666666
177,18.166666666666668
178,22.333333333333332
179,21.333333333333332
180,20.0
181,14.166666666666666
182,22.833333333333332
183,14.333333333333334
184,26.333333333333332
185,13.833333333333334
186,22.5
187,18.333333333333332
188,19.5
189,15.666666666666666
190,15.833333333333334
191,16.5
192,9.333333333333334
193,17.666666666666668
194,16.666666666666668
195,21.833333333333332
196,12.0
197,20.166666666666668
198,17.0
199,21.166666666666668
200,20.333333333333332
201,19.5
202,21.5
203,12.666666666666666
204,22.0
205,10.666666666666666
206,12.333333333333334
207,14.5
208,18.5
209,18.833333333333332
210,19.333333333333332
211,17.5
212,15.666666666666666
213,20.333333333333332
214,18.0
215,11.166666666666666
216,20.166666666666668
217,13.0
218,19.166666666666668
219,24.0
220,21.333333333333332
221,16.333333333333332
222,16.666666666666668
223,13.333333333333334
224,15.666666666666666
225,23.0
226,13.833333333333334
227,11.666666666666666
228,16.833333333333332
229,13.333333333333334
230,13.833333333333334
231,20.5
232,19.833333333333332
233,19.333333333333332
234,18.333333333333332
235,19.666666666666668
236,12.333333333333334
237,17.166666666666668
238,11.166666666666666
239,19.666666666666668
240,19.333333333333332
241,13.166666666666666
242,17.5
243,18.833333333333332
244,13.333333333333334
245,20.833333333333332
246,22.666666666666668
247,21.5
248,18.5
249,16.166666666666668
250,17.5
251,20.0
252,17.5
253,21.833333333333332
254,10.333333333333334
255,13.333333333333334
256,11.833333333333334
257,18.166666666666668
258,8.666666666666666
259,12.5
260,12.5
261,16.833333333333332
262,13.833333333333334
263,16.0
264,15.166666666666666
265,17.166666666666668
266,23.666666666666668
267,22.5
268,16.166666666666668
269,15.333333333333334
270,17.166666666666668
271,21.833333333333332
272,16.0
273,12.5
274,16.0
275,23.333333333333332
276,18.5
277,13.333333333333334
278,16.333333333333332
279,15.0
280,20.833333333333332
281,11.833333333333334
282,12.666666666666666
283,18.666666666666668
284,10.333333333333334
285,18.0
286,17.166666666666668
287,16.5
288,22.666666666666668
289,17.833333333333332
290,18.166666666666668
291,18.666666666666668
292,14.0
293,12.0
294,12.833333333333334
295,10.666666666666666
296,14.333333333333334
297,18.333333333333332
298,16.166666666666668
299,12.166666666666666
300,20.666666666666668
301,19.5
302,15.333333333333334
303,20.833333333333332
304,17.333333333333332
305,16.666666666666668
306,19.5
307,17.166666666666668
308,20.5
309,22.0
310,19.333333333333332
311,12.666666666666666
312,18.5
313,13.666666666666666
314,16.333333333333332
315,18.833333333333332
316,22.833333333333332
317,17.666666666666668
318,19.0
319,18.0
320,14.0
321,16.833333333333332
322,14.833333333333334
323,20.833333333333332
324,21.333333333333332
325,14.333333333333334
326,19.833333333333332
327,12.833333333333334
328,22.0
329,16.166666666666668
330,13.166666666666666
331,16.666666666666668
332,19.333333333333332
333,14.666666666666666
334,16.0
335,17.333333333333332
336,21.5
337,15.5
338,13.833333333333334
339,17.5
340,18.166666666666668
341,12.833333333333334
342,11.0
343,15.0
344,13.5
345,17.5
346,13.333333333333334
347,17.5
348,18.0
349,11.166666666666666
350,19.5
351,9.0
352,10.5
353,16.166666666666668
354,16.166666666666668
355,14.0
356,13.833333333333334
357,18.166666666666668
358,18.833333333333332
359,18.5
360,21.333333333333332
361,12.0
362,14.833333333333334
363,13.333333333333334
364,15.333333333333334
365,16.0
366,18.5
367,8.833333333333334
368,19.166666666666668
369,19.833333333333332
370,22.0
371,21.666666666666668
372,15.833333333333334
373,15.833333333333334
374,16.166666666666668
375,15.333333333333334
376,20.666666666666668
377,10.166666666666666
378,23.333333333333332
379,15.0
380,15.166666666666666
381,18.5
382,15.833333333333334
383,17.166666666666668
384,18.833333333333332
385,11.833333333333334
386,10.833333333333334
387,16.833333333333332
388,12.833333333333334
389,16.5
390,17.333333333333332
391,13.666666666666666
392,14.333333333333334
393,9.333333333333334
394,17.5
395,17.333333333333332
396,20.666666666666668
397,23.0
398,15.5
399,17.0
400,12.5
401,19.666666666666668
402,17.333333333333332
403,24.666666666666668
404,24.833333333333332
405,16.0
406,21.166666666666668
407,16.833333333333332
408,18.666666666666668
409,13.0
410,24.333333333333332
411,20.166666666666668
412,21.166666666666668
413,13.0
414,15.166666666666666
415,14.833333333333334
416,25.0
417,19.166666666666668
418,13.833333333333334
419,21.666666666666668
420,18.0
421,15.666666666666666
422,17.833333333333332
423,17.166666666666668
424,20.666666666666668
425,18.166666666666668
426,23.833333333333332
427,15.333333333333334
428,17.0
429,19.333333333333332
430,17.666666666666668
431,13.833333333333334
432,16.166666666666668
433,20.333333333333332
434,12.666666666666666
435,17.833333333333332
436,12.5
437,18.0
438,16.0
439,22.333333333333332
440,18.833333333333332
441,15.666666666666666
442,18.5
443,16.5
444,21.5
445,20.5
446,18.5
447,18.0
448,17.333333333333332
449,16.0
450,16.833333333333332
451,11.333333333333334
452,18.166666666666668
453,14.833333333333334
454,16.666666666666668
455,15.666666666666666
456,13.0
457,15.0
458,20.5
459,15.166666666666666
460,13.166666666666666
461,18.833333333333332
462,12.5
463,18.833333333333332
464,19.666666666666668
465,20.333333333333332
466,13.5
467,20.833333333333332
468,19.666666666666668
469,16.166666666666668
470,18.0
471,12.5
472,15.0
473,15.0
474,18.833333333333332
475,12.5
476,17.5
477,19.166666666666668
478,18.0
479,19.0
480,21.5
481,18.5
482,9.833333333333334
483,15.666666666666666
484,16.666666666666668
485,17.333333333333332
486,11.5
487,18.333333333333332
488,20.0
489,25.333333333333332
490,16.0
491,14.0
492,22.333333333333332
493,19.833333333333332
494,19.666666666666668
495,16.166666666666668
496,21.833333333333332
497,19.166666666666668
498,20.833333333333332
499,20.0
500,18.333333333333332
501,20.0
502,14.166666666666666
503,16.333333333333332
504,13.333333333333334
505,22.5
506,20.0
507,21.333333333333332
508,15.666666666666666
509,19.5
510,17.666666666666668
511,15.833333333333334
512,14.833333333333334
513,11.333333333333334
514,16.5
515,8.666666666666666
516,19.666666666666668
517,17.0
518,20.333333333333332
519,11.833333333333334
520,14.666666666666666
521,14.333333333333334
522,15.166666666666666
523,13.666666666666666
524,17.5
525,17.0
526,12.0
527,14.5
528,17.333333333333332
529,19.0
530,15.0
531,21.0
532,16.666666666666668
533,14.166666666666666
534,20.0
535,17.5
536,16.333333333333332
537,19.0
538,18.333333333333332
539,14.166666666666666
540,11.333333333333334
541,17.5
542,19.666666666666668
543,18.0
544,15.0
545,14.5
546,17.166666666666668
547,12.333333333333334
548,19.833333333333332
549,13.666666666666666
550,19.0
551,13.5
552,14.166666666666666
553,14.166666666666666
554,20.333333333333332
555,20.666666666666668
556,16.333333333333332
557,18.666666666666668
558,19.166666666666668
559,13.5
560,19.333333333333332
561,12.666666666666666
562,19.833333333333332
563,18.333333333333332
564,11.5
565,15.5
566,14.166666666666666
567,19.833333333333332
568,11.666666666666666
569,19.833333333333332
570,12.5
571,16.833333333333332
572,14.833333333333334
573,16.333333333333332
574,24.0
575,15.666666666666666
576,15.0
577,8.333333333333334
578,12.5
579,11.333333333333334
580,22.833333333333332
581,20.0
582,12.833333333333334
583,17.833333333333332
584,20.166666666666668
585,15.166666666666666
586,20.166666666666668
587,12.666666666666666
588,15.666666666666666
589,17.166666666666668
590,12.333333333333334
591,17.166666666666668
592,19.333333333333332
593,21.666666666666668
594,16.666666666666668
595,17.666666666666668
596,16.166666666666668
597,14.5
598,15.166666666666666
599,19.0
600,18.666666666666668
601,18.333333333333332
602,14.833333333333334
603,18.166666666666668
604,17.5
605,7.0
606,17.666666666666668
607,13.333333333333334
608,19.5
609,20.5
610,22.333333333333332
611,15.166666666666666
612,16.833333333333332
613,15.666666666666666
614,20.5
615,16.5
616,10.0
617,18.666666666666668
618,24.0
619,20.333333333333332
620,14.833333333333334
621,21.666666666666668
622,14.666666666666666
623,14.666666666666666
624,21.5
625,14.833333333333334
626,14.666666666666666
627,7.833333333333333
628,13.333333333333334
629,10.5
630,17.5
631,21.166666666666668
632,19.333333333333332
633,13.0
634,11.666666666666666
635,14.5
636,17.5
637,15.166666666666666
638,13.166666666666666
639,18.5
640,18.666666666666668
641,18.666666666666668
642,15.0
643,17.666666666666668
644,19.666666666666668
645,16.0
646,19.5
647,17.5
648,14.333333333333334
649,13.333333333333334
650,15.333333333333334
651,12.166666666666666
652,11.833333333333334
653,19.666666666666668
654,16.0
655,13.0
656,13.5
657,13.333333333333334
658,15.166666666666666
659,10.5
660,23.166666666666668
661,17.0
662,21.666666666666668
663,16.0
664,20.666666666666668
665,17.5
666,16.0
667,19.5
668,12.5
669,12.666666666666666
670,23.5
671,16.666666666666668
672,10.833333333333334
673,16.833333333333332
674,12.333333333333334
675,18.833333333333332
676,15.666666666666666
677,16.333333333333332
678,17.666666666666668
679,18.166666666666668
680,25.333333333333332
681,14.5
682,19.333333333333332
683,13.0
684,15.166666666666666
685,15.333333333333334
686,17.166666666666668
687,18.666666666666668
688,12.166666666666666
689,15.833333333333334
690,16.166666666666668
691,16.5
692,19.0
693,22.333333333333332
694,20.833333333333332
695,22.666666666666668
696,16.5
697,21.5
698,20.833333333333332
699,20.333333333333332
700,17.833333333333332
701,17.666666666666668
702,14.5
703,17.833333333333332
704,23.5
705,13.0
706,16.0
707,15.0
708,19.666666666666668
709,11.166666666666666
710,13.666666666666666
711,20.166666666666668
712,18.5
713,10.5
714,18.5
715,16.0
716,17.666666666666668
717,22.333333333333332
718,15.0
719,23.166666666666668
720,13.666666666666666
721,18.0
722,11.5
723,18.666666666666668
724,17.5
725,14.333333333333334
726,21.0
727,20.166666666666668
728,24.0
729,20.166666666666668
730,19.166666666666668
731,16.666666666666668
732,12.833333333333334
733,15.833333333333334
734,12.0
735,8.166666666666666
736,18.833333333333332
737,20.166666666666668
738,19.0
739,18.0
740,17.666666666666668
741,14.833333333333334
742,18.166666666666668
743,14.333333333333334
744,17.666666666666668
745,15.0
746,15.5
747,9.333333333333334
748,21.166666666666668
749,20.666666666666668
750,12.333333333333334
751,21.0
752,16.833333333333332
753,13.5
754,17.166666666666668
755,17.166666666666668
756,15.0
757,17.0
758,20.666666666666668
759,11.833333333333334
760,14.166666666666666
761,14.0
762,19.166666666666668
763,17.833333333333332
764,16.0
765,14.5
766,17.166666666666668
767,18.0
768,9.833333333333334
769,13.166666666666666
770,18.333333333333332
771,19.166666666666668
772,21.833333333333332
773,16.666666666666668
774,17.0
775,14.833333333333334
776,21.333333333333332
777,24.0
778,19.666666666666668
779,17.333333333333332
780,14.166666666666666
781,21.833333333333332
782,24.0
783,16.0
784,12.666666666666666
785,18.833333333333332
786,12.666666666666666
787,17.666666666666668
788,12.0
789,20.0
790,14.833333333333334
791,21.0
792,22.833333333333332
793,13.333333333333334
794,17.666666666666668
795,12.333333333333334
796,17.166666666666668
797,15.166666666666666
798,18.5
799,17.5
800,17.166666666666668
801,20.166666666666668
802,16.833333333333332
803,20.5
804,17.333333333333332
805,20.666666666666668
806,15.0
807,13.666666666666666
808,19.833333333333332
809,20.0
810,18.333333333333332
811,21.166666666666668
812,20.5
813,13.166666666666666
814,19.833333333333332
815,17.666666666666668
816,19.166666666666668
817,19.0
818,18.333333333333332
819,15.5
820,22.666666666666668
821,21.666666666666668
822,12.333333333333334
823,14.833333333333334
824,16.333333333333332
825,13.833333333333334
826,22.166666666666668
827,21.333333333333332
828,13.5
829,17.166666666666668
830,10.833333333333334
831,19.166666666666668
832,15.333333333333334
833,20.333333333333332
834,23.0
835,15.5
836,12.333333333333334
837,15.5
838,15.833333333333334
839,10.833333333333334
840,12.666666666666666
841,15.166666666666666
842,17.5
843,14.833333333333334
844,19.166666666666668
845,11.166666666666666
846,13.0
847,10.166666666666666
848,13.833333333333334
849,17.833333333333332
850,22.333333333333332
851,18.5
852,15.833333333333334
853,14.166666666666666
854,19.0
855,22.0
856,14.0
857,18.333333333333332
858,16.833333333333332
859,18.0
860,21.333333333333332
861,20.166666666666668
862,15.333333333333334
863,20.5
864,15.666666666666666
865,16.166666666666668
866,19.833333333333332
867,21.0
868,13.666666666666666
869,19.166666666666668
870,16.333333333333332
871,23.666666666666668
872,13.833333333333334
873,14.0
874,19.333333333333332
875,24.833333333333332
876,14.833333333333334
877,17.5
878,17.666666666666668
879,24.166666666666668
880,16.666666666666668
881,17.0
882,13.0
883,14.5
884,17.166666666666668
885,21.333333333333332
886,16.5
887,20.833333333333332
888,17.666666666666668
889,16.166666666666668
890,20.833333333333332
891,20.5
892,18.5
893,18.333333333333332
894,13.666666666666666
895,12.333333333333334
896,20.166666666666668
897,14.333333333333334
898,18.166666666666668
899,16.833333333333332
900,16.0
901,21.666666666666668
902,16.666666666666668
903,12.166666666666666
904,18.166666666666668
905,19.166666666666668
906,16.5
907,20.166666666666668
908,15.333333333333334
909,18.166666666666668
910,15.166666666666666
911,18.166666666666668
912,18.333333333333332
913,11.666666666666666
914,12.333333333333334
915,17.166666666666668
916,15.0
917,13.0
918,21.333333333333332
919,20.833333333333332
920,20.5
921,25.0
922,21.666666666666668
923,17.5
924,18.166666666666668
925,20.0
926,10.166666666666666
927,11.333333333333334
928,16.833333333333332
929,26.5
930,15.5
931,14.166666666666666
932,19.166666666666668
933,20.666666666666668
934,14.166666666666666
935,15.166666666666666
936,11.166666666666666
937,19.5
938,19.666666666666668
939,15.666666666666666
940,13.666666666666666
941,21.166666666666668
942,17.833333333333332
943,22.833333333333332
944,11.833333333333334
945,11.5
946,12.833333333333334
947,20.833333333333332
948,19.5
949,18.333333333333332
950,16.0
951,11.0
952,11.666666666666666
953,17.0
954,15.833333333333334
955,11.166666666666666
956,25.833333333333332
957,17.833333333333332
958,16.166666666666668
959,16.0
960,16.666666666666668
961,17.333333333333332
962,14.5
963,19.333333333333332
964,15.666666666666666
965,15.5
966,20.666666666666668
967,16.0
968,15.5
969,13.333333333333334
970,15.5
971,17.166666666666668
972,16.0
973,19.333333333333332
974,14.833333333333334
975,12.0
976,15.833333333333334
977,17.0
978,14.5
979,12.833333333333334
980,21.666666666666668
981,17.0
982,24.666666666666668
983,15.5
984,9.5
985,10.0
986,25.666666666666668
987,14.666666666666666
988,16.666666666666668
989,15.0
990,17.5
991,15.833333333333334
992,10.5
993,13.166666666666666
994,15.5
995,15.833333333333334
996,9.333333333333334
997,27.166666666666668
998,18.5
999,16.166666666666668
1000,14.666666666666666
1001,18.833333333333332
1002,15.833333333333334
1003,22.666666666666668
1004,10.666666666666666
1005,10.0
1006,17.166666666666668
1007,11.666666666666666
1008,12.5
1009,15.166666666666666
1010,17.0
1011,22.833333333333332
1012,15.833333333333334
1013,18.166666666666668
1014,14.666666666666666
1015,20.0
1016,18.166666666666668
1017,9.0
1018,21.0
1019,23.666666666666668
1020,15.666666666666666
1021,17.166666666666668
1022,19.333333333333332
1023,19.0
1024,11.833333333333334
1025,21.0
1026,16.5
1027,13.5
1028,16.333333333333332
1029,22.333333333333332
1030,21.833333333333332
1031,16.833333333333332
1032,22.333333333333332
1033,11.0
1034,13.333333333333334
1035,9.833333333333334
1036,17.333333333333332
1037,13.5
1038,13.5
1039,15.166666666666666
1040,14.833333333333334
1041,20.5
1042,13.666666666666666
1043,22.333333333333332
1044,16.0
1045,18.333333333333332
1046,13.0
1047,17.5
1048,20.666666666666668
1049,22.5
1050,15.833333333333334
1051,20.0
1052,19.666666666666668
1053,15.833333333333334
1054,12.666666666666666
1055,19.833333333333332
1056,14.833333333333334
1057,10.666666666666666
1058,14.166666666666666
1059,14.0
1060,15.166666666666666
1061,15.666666666666666
1062,19.833333333333332
1063,15.666666666666666
1064,14.166666666666666
1065,24.0
1066,16.166666666666668
1067,17.666666666666668
1068,14.833333333333334
1069,14.666666666666666
1070,16.833333333333332
1071,20.0
1072,21.833333333333332
1073,17.5
1074,17.5
1075,19.166666666666668
1076,19.166666666666668
1077,15.0
1078,17.5
1079,15.0
1080,17.166666666666668
1081,17.0
1082,16.5
1083,21.666666666666668
1084,14.833333333333334
1085,14.333333333333334
1086,17.833333333333332
1087,13.5
1088,20.5
1089,15.5
1090,11.166666666666666
1091,18.333333333333332
1092,16.0
1093,12.833333333333334
1094,22.333333333333332
1095,15.333333333333334
1096,17.166666666666668
1097,12.833333333333334
1098,22.833333333333332
1099,8.833333333333334
1100,17.5
1101,15.166666666666666
1102,18.666666666666668
1103,10.666666666666666
1104,17.666666666666668
1105,18.166666666666668
1106,14.666666666666666
1107,17.666666666666668
1108,18.5
1109,12.833333333333334
1110,14.5
1111,16.5
1112,18.0
1113,19.5
1114,18.0
1115,20.0
1116,15.166666666666666
1117,20.833333333333332
1118,19.833333333333332
1119,16.5
1120,13.333333333333334
1121,18.666666666666668
1122,21.666666666666668
1123,11.333333333333334
1124,22.333333333333332
1125,19.166666666666668
1126,16.166666666666668
1127,13.166666666666666
1128,14.666666666666666
1129,19.833333333333332
1130,15.166666666666666
1131,17.833333333333332
1132,16.833333333333332
1133,19.0
1134,17.333333333333332
1135,20.0
1136,11.166666666666666
1137,13.833333333333334
1138,9.333333333333334
1139,18.0
1140,17.833333333333332
1141,22.166666666666668
1142,8.833333333333334
1143,15.833333333333334
1144,13.333333333333334
1145,12.666666666666666
1146,13.666666666666666
1147,17.333333333333332
1148,15.166666666666666
1149,17.5
1150,22.833333333333332
1151,17.0
1152,19.666666666666668
1153,15.166666666666666
1154,12.833333333333334
1155,13.166666666666666
1156,16.333333333333332
1157,25.833333333333332
1158,16.333333333333332
1159,20.833333333333332
1160,9.5
1161,12.5
1162,18.666666666666668
1163,24.333333333333332
1164,9.5
1165,13.833333333333334
1166,19.666666666666668
1167,20.5
1168,18.333333333333332
1169,9.333333333333334
1170,16.166666666666668
1171,14.833333333333334
1172,18.0
1173,16.833333333333332
1174,15.0
1175,17.333333333333332
1176,19.5
1177,18.833333333333332
1178,21.5
1179,20.833333333333332
1180,20.0
1181,17.5
1182,17.833333333333332
1183,10.666666666666666
1184,15.166666666666666
1185,13.833333333333334
1186,17.833333333333332
1187,19.166666666666668
1188,19.333333333333332
1189,18.333333333333332
1190,23.666666666666668
1191,28.333333333333332
1192,18.833333333333332
1193,11.0
1194,15.0
1195,12.5
1196,18.0
1197,20.666666666666668
1198,17.166666666666668
1199,22.0
1200,13.0
1201,17.166666666666668
1202,11.666666666666666
1203,16.333333333333332
1204,12.166666666666666
1205,10.333333333333334
1206,23.0
1207,16.833333333333332
1208,22.833333333333332
1209,14.333333333333334
1210,15.333333333333334
1211,16.833333333333332
1212,17.666666666666668
1213,19.833333333333332
1214,18.5
1215,20.333333333333332
1216,16.166666666666668
1217,16.0
1218,12.5
1219,10.0
1220,16.5
1221,16.166666666666668
1222,14.166666666666666
1223,21.0
1224,20.166666666666668
1225,14.666666666666666
1226,14.333333333333334
1227,12.5
1228,9.666666666666666
1229,18.666666666666668
1230,17.5
1231,18.166666666666668
1232,20.833333333333332
1233,19.666666666666668
1234,16.333333333333332
1235,10.5
1236,18.166666666666668
1237,18.833333333333332
1238,15.833333333333334
1239,16.166666666666668
1240,21.5
1241,12.833333333333334
1242,22.333333333333332
1243,13.5
1244,14.833333333333334
1245,19.5
1246,18.0
1247,14.333333333333334
1248,12.5
1249,20.166666666666668
1250,12.833333333333334
1251,19.0
1252,21.0
1253,21.666666666666668
1254,20.666666666666668
1255,11.833333333333334
1256,22.5
1257,18.5
1258,15.0
1259,22.666666666666668
1260,15.5
1261,16.333333333333332
1262,19.833333333333332
1263,13.5
1264,15.0
1265,20.5
1266,12.833333333333334
1267,18.833333333333332
1268,14.166666666666666
1269,19.5
1270,17.5
1271,23.333333333333332
1272,20.0
1273,14.0
1274,21.5
1275,14.333333333333334
1276,10.333333333333334
1277,15.166666666666666
1278,25.5
1279,14.833333333333334
1280,19.166666666666668
1281,12.666666666666666
1282,15.666666666666666
1283,19.5
1284,14.0
1285,12.833333333333334
1286,8.5
1287,10.5
1288,16.833333333333332
1289,11.833333333333334
1290,20.833333333333332
1291,23.833333333333332
1292,22.166666666666668
1293,18.166666666666668
1294,21.666666666666668
1295,14.5
1296,15.833333333333334
1297,20.0
1298,21.5
1299,13.666666666666666
1300,10.666666666666666
1301,13.833333333333334
1302,16.833333333333332
1303,15.666666666666666
1304,18.5
1305,15.5
1306,17.0
1307,16.833333333333332
1308,18.166666666666668
1309,18.166666666666668
1310,14.833333333333334
1311,13.833333333333334
1312,21.333333333333332
1313,20.666666666666668
1314,17.5
1315,17.666666666666668
1316,20.666666666666668
1317,12.666666666666666
1318,13.333333333333334
1319,16.833333333333332
1320,17.166666666666668
1321,14.833333333333334
1322,20.5
1323,16.166666666666668
1324,12.0
1325,16.333333333333332
1326,18.333333333333332
1327,15.5
1328,17.0
1329,14.333333333333334
1330,19.5
1331,18.5
1332,17.5
1333,16.0
1334,16.666666666666668
1335,15.833333333333334
1336,17.666666666666668
1337,10.0
1338,21.0
1339,20.166666666666668
1340,15.833333333333334
1341,16.5
1342,17.666666666666668
1343,15.833333333333334
1344,19.5
1345,15.333333333333334
1346,11.0
1347,16.5
1348,16.5
1349,14.833333333333334
1350,18.833333333333332
1351,16.666666666666668
1352,16.0
1353,22.5
1354,16.0
1355,16.0
1356,15.333333333333334
1357,10.666666666666666
1358,12.333333333333334
1359,21.333333333333332
1360,19.333333333333332
1361,22.833333333333332
1362,15.166666666666666
1363,21.666666666666668
1364,18.666666666666668
1365,14.166666666666666
1366,15.833333333333334
1367,14.333333333333334
1368,16.833333333333332
1369,19.166666666666668
1370,23.333333333333332
1371,15.0
1372,12.166666666666666
1373,18.833333333333332
1374,12.0
1375,19.833333333333332
1376,10.166666666666666
1377,19.0
1378,17.5
1379,16.833333333333332
1380,25.833333333333332
1381,16.666666666666668
1382,13.5
1383,19.833333333333332
1384,16.5
1385,17.166666666666668
1386,18.166666666666668
1387,25.333333333333332
1388,17.166666666666668
1389,12.5
1390,15.833333333333334
1391,20.666666666666668
1392,19.666666666666668
1393,13.666666666666666
1394,20.666666666666668
1395,14.5
1396,15.666666666666666
1397,20.333333333333332
1398,13.5
1399,16.666666666666668
1400,18.833333333333332
1401,23.666666666666668
1402,19.666666666666668
1403,12.166666666666666
1404,23.0
1405,17.666666666666668
1406,13.833333333333334
1407,20.5
1408,20.0
1409,19.833333333333332
1410,20.166666666666668
1411,13.666666666666666
1412,16.666666666666668
1413,19.333333333333332
1414,14.0
1415,15.333333333333334
1416,21.5
1417,16.333333333333332
1418,15.0
1419,9.333333333333334
1420,8.333333333333334
1421,13.833333333333334
1422,7.166666666666667
1423,13.5
1424,21.833333333333332
1425,25.5
1426,13.666666666666666
1427,22.166666666666668
1428,20.0
1429,15.833333333333334
1430,23.166666666666668
1431,14.5
1432,18.0
1433,14.833333333333334
1434,17.0
1435,18.333333333333332
1436,21.0
1437,19.833333333333332
1438,16.0
1439,16.666666666666668
1440,15.333333333333334
1441,19.166666666666668
1442,26.5
1443,18.5
1444,19.333333333333332
1445,16.833333333333332
1446,17.666666666666668
1447,17.666666666666668
1448,11.0
1449,17.166666666666668
1450,18.666666666666668
1451,19.333333333333332
1452,15.5
1453,11.166666666666666
1454,10.0
1455,11.166666666666666
1456,19.166666666666668
1457,18.333333333333332
1458,11.666666666666666
1459,10.833333333333334
1460,16.666666666666668
1461,9.5
1462,17.333333333333332
1463,17.0
1464,21.666666666666668
1465,16.166666666666668
1466,10.666666666666666
1467,18.0
1468,15.666666666666666
1469,19.833333333333332
1470,16.5
1471,23.666666666666668
1472,14.666666666666666
1473,20.333333333333332
1474,17.166666666666668
1475,17.5
1476,20.333333333333332
1477,13.166666666666666
1478,14.166666666666666
1479,12.5
1480,14.666666666666666
1481,13.666666666666666
1482,13.333333333333334
1483,15.166666666666666
1484,14.833333333333334
1485,18.0
1486,15.666666666666666
1487,21.666666666666668
1488,17.666666666666668
1489,14.666666666666666
1490,18.5
1491,15.666666666666666
1492,18.833333333333332
1493,13.0
1494,21.0
1495,20.5
1496,20.833333333333332
1497,17.333333333333332
1498,18.5
1499,12.333333333333334
1500,10.166666666666666
1501,13.666666666666666
1502,19.5
1503,17.0
1504,21.0
1505,14.833333333333334
1506,13.5
1507,15.666666666666666
1508,20.166666666666668
1509,13.666666666666666
1510,19.166666666666668
1511,14.5
1512,14.833333333333334
1513,13.666666666666666
1514,17.833333333333332
1515,24.333333333333332
1516,20.833333333333332
1517,16.0
1518,17.333333333333332
1519,19.333333333333332
1520,13.333333333333334
1521,17.166666666666668
1522,13.166666666666666
1523,12.166666666666666
1524,14.0
1525,12.0
1526,18.166666666666668
1527,18.5
1528,14.833333333333334
1529,15.666666666666666
1530,21.0
1531,18.5
1532,16.166666666666668
1533,13.333333333333334
1534,16.333333333333332
1535,18.666666666666668
1536,17.666666666666668
1537,17.5
1538,19.0
1539,12.166666666666666
1540,17.166666666666668
1541,6.833333333333333
1542,11.0
1543,11.166666666666666
1544,20.833333333333332
1545,22.666666666666668
1546,17.166666666666668
1547,25.0
1548,24.0
1549,22.0
1550,8.833333333333334
1551,14.166666666666666
1552,16.0
1553,17.333333333333332
1554,15.5
1555,23.166666666666668
1556,19.666666666666668
1557,18.166666666666668
1558,20.0
1559,16.0
1560,12.333333333333334
1561,16.333333333333332
1562,10.333333333333334
1563,17.5
1564,14.833333333333334
1565,20.666666666666668
1566,15.5
1567,18.666666666666668
1568,15.5
1569,16.5
1570,14.0
1571,23.0
1572,14.833333333333334
1573,18.166666666666668
1574,23.5
1575,14.0
1576,19.0
1577,19.0
1578,14.5
1579,12.333333333333334
1580,16.333333333333332
1581,18.0
1582,22.0
1583,16.833333333333332
1584,15.333333333333334
1585,24.666666666666668
1586,16.5
1587,13.666666666666666
1588,23.333333333333332
1589,18.666666666666668
1590,17.0
1591,14.5
1592,18.5
1593,17.333333333333332
1594,17.166666666666668
1595,24.0
1596,19.666666666666668
1597,15.833333333333334
1598,24.666666666666668
1599,13.166666666666666
1600,15.0
1601,19.166666666666668
1602,18.833333333333332
1603,17.333333333333332
1604,16.5
1605,14.0
1606,13.333333333333334
1607,18.0
1608,21.166666666666668
1609,11.666666666666666
1610,13.666666666666666
1611,22.0
1612,14.5
1613,18.666666666666668
1614,16.833333333333332
1615,12.333333333333334
1616,14.833333333333334
1617,17.833333333333332
1618,12.666666666666666
1619,8.0
1620,18.166666666666668
1621,22.0
1622,14.833333333333334
1623,21.0
1624,15.833333333333334
1625,16.833333333333332
1626,22.333333333333332
1627,12.0
1628,17.666666666666668
1629,9.666666666666666
1630,18.666666666666668
1631,18.833333333333332
1632,16.5
1633,8.5
1634,15.833333333333334
1635,22.166666666666668
1636,14.5
1637,20.333333333333332
1638,11.166666666666666
1639,13.333333333333334
1640,14.833333333333334
1641,16.166666666666668
1642,16.833333333333332
1643,21.0
1644,18.833333333333332
1645,21.333333333333332
1646,21.5
1647,13.333333333333334
1648,15.833333333333334
1649,17.833333333333332
1650,15.0
1651,11.5
1652,14.333333333333334
1653,16.333333333333332
1654,19.833333333333332
1655,17.5
1656,17.0
1657,17.166666666666668
1658,8.666666666666666
1659,13.0
1660,12.0
1661,17.833333333333332
1662,18.0
1663,15.5
1664,13.666666666666666
1665,12.5
1666,18.666666666666668
1667,14.0
1668,16.833333333333332
1669,16.0
1670,14.166666666666666
1671,7.0
1672,17.0
1673,17.833333333333332
1674,20.666666666666668
1675,17.666666666666668
1676,17.833333333333332
1677,10.666666666666666
1678,14.166666666666666
1679,12.0
1680,22.333333333333332
1681,13.166666666666666
1682,16.333333333333332
1683,16.666666666666668
1684,15.5
1685,16.833333333333332
1686,13.0
1687,16.833333333333332
1688,14.333333333333334
1689,18.0
1690,21.333333333333332
1691,18.666666666666668
1692,12.0
1693,9.333333333333334
1694,22.166666666666668
1695,22.333333333333332
1696,13.5
1697,15.666666666666666
1698,20.833333333333332
1699,17.333333333333332
1700,19.333333333333332
1701,15.166666666666666
1702,13.333333333333334
1703,13.666666666666666
1704,16.166666666666668
1705,17.833333333333332
1706,25.0
1707,21.166666666666668
1708,12.666666666666666
1709,16.0
1710,19.0
1711,16.833333333333332
1712,18.5
1713,14.5
1714,16.0
1715,15.166666666666666
1716,16.0
1717,21.166666666666668
1718,20.833333333333332
1719,16.5
1720,15.833333333333334
1721,13.166666666666666
1722,17.0
1723,16.666666666666668
1724,20.833333333333332
1725,15.166666666666666
1726,21.166666666666668
1727,20.0
1728,14.666666666666666
1729,21.333333333333332
1730,13.833333333333334
1731,19.333333333333332
1732,17.333333333333332
1733,15.166666666666666
1734,14.833333333333334
1735,20.833333333333332
1736,17.333333333333332
1737,10.0
1738,18.833333333333332
1739,16.833333333333332
1740,20.666666666666668
1741,8.5
1742,15.5
1743,17.166666666666668
1744,12.666666666666666
1745,17.0
1746,12.666666666666666
1747,20.5
1748,20.5
1749,15.666666666666666
1750,16.666666666666668
1751,19.166666666666668
1752,14.5
1753,13.166666666666666
1754,14.666666666666666
1755,11.0
1756,14.666666666666666
1757,18.833333333333332
1758,20.166666666666668
1759,17.666666666666668
1760,18.333333333333332
1761,13.5
1762,22.666666666666668
1763,16.333333333333332
1764,14.833333333333334
1765,12.666666666666666
1766,19.5
1767,14.166666666666666
1768,16.5
1769,16.833333333333332
1770,17.833333333333332
1771,18.0
1772,15.333333333333334
1773,17.0
1774,17.333333333333332
1775,15.0
1776,15.5
1777,20.0
1778,20.333333333333332
1779,17.833333333333332
1780,16.166666666666668
1781,17.0
1782,16.833333333333332
1783,13.5
1784,19.0
1785,22.666666666666668
1786,14.5
1787,19.0
1788,19.166666666666668
1789,8.666666666666666
1790,17.0
1791,15.0
1792,17.0
1793,20.0
1794,15.5
1795,14.666666666666666
1796,20.666666666666668
1797,14.0
1798,19.0
1799,11.333333333333334
1800,15.166666666666666
1801,11.666666666666666
1802,22.666666666666668
1803,13.0
1804,15.0
1805,18.666666666666668
1806,22.833333333333332
1807,17.166666666666668
1808,14.5
1809,17.333333333333332
1810,17.666666666666668
1811,15.5
1812,15.833333333333334
1813,18.833333333333332
1814,17.0
1815,15.0
1816,22.333333333333332
1817,13.5
1818,15.833333333333334
1819,18.666666666666668
1820,17.0
1821,14.833333333333334
1822,10.833333333333334
1823,17.833333333333332
1824,19.333333333333332
1825,23.5
1826,23.333333333333332
1827,15.166666666666666
1828,18.0
1829,22.0
1830,19.833333333333332
1831,12.5
1832,17.833333333333332
1833,19.666666666666668
1834,21.5
1835,19.333333333333332
1836,16.833333333333332
1837,19.5
1838,15.666666666666666
1839,9.5
1840,21.5
1841,19.5
1842,18.0
1843,19.0
1844,11.666666666666666
1845,12.166666666666666
1846,21.166666666666668
1847,14.333333333333334
1848,19.166666666666668
1849,20.333333333333332
1850,16.666666666666668
1851,15.666666666666666
1852,16.833333333333332
1853,17.666666666666668
1854,16.5
1855,15.0
1856,17.666666666666668
1857,13.333333333333334
1858,11.166666666666666
1859,13.333333333333334
1860,14.333333333333334
1861,17.0
1862,17.166666666666668
1863,15.166666666666666
1864,15.333333333333334
1865,23.833333333333332
1866,17.0
1867,14.333333333333334
1868,14.0
1869,11.166666666666666
1870,21.666666666666668
1871,18.0
1872,19.666666666666668
1873,12.166666666666666
1874,14.166666666666666
1875,15.0
1876,17.0
1877,18.333333333333332
1878,14.0
1879,16.333333333333332
1880,17.166666666666668
1881,16.5
1882,24.166666666666668
1883,11.666666666666666
1884,15.666666666666666
1885,24.0
1886,18.333333333333332
1887,19.333333333333332
1888,20.0
1889,14.5
1890,15.5
1891,24.0
1892,18.333333333333332
1893,18.5
1894,19.166666666666668
1895,13.833333333333334
1896,17.5
1897,21.666666666666668
1898,18.666666666666668
1899,14.166666666666666
1900,15.833333333333334
1901,19.0
1902,17.0
1903,19.166666666666668
1904,21.166666666666668
1905,21.0
1906,17.833333333333332
1907,22.5
1908,22.0
1909,12.666666666666666
1910,14.5
1911,18.0
1912,19.833333333333332
1913,14.166666666666666
1914,15.0
1915,19.666666666666668
1916,15.166666666666666
1917,17.0
1918,17.5
1919,11.833333333333334
1920,17.5
1921,17.833333333333332
1922,15.333333333333334
1923,12.833333333333334
1924,16.333333333333332
1925,19.333333333333332
1926,17.666666666666668
1927,16.833333333333332
1928,18.833333333333332
1929,19.833333333333332
1930,16.5
1931,16.166666666666668
1932,19.5
1933,18.666666666666668
1934,18.5
1935,10.833333333333334
1936,23.833333333333332
1937,17.833333333333332
1938,12.5
1939,17.333333333333332
1940,19.0
1941,19.666666666666668
1942,21.333333333333332
1943,12.333333333333334
1944,17.333333333333332
1945,22.5
1946,11.5
1947,13.833333333333334
1948,15.0
1949,22.0
1950,10.666666666666666
1951,15.166666666666666
1952,15.333333333333334
1953,18.666666666666668
1954,14.166666666666666
1955,10.0
1956,18.166666666666668
1957,17.0
1958,16.666666666666668
1959,19.666666666666668
1960,14.833333333333334
1961,16.333333333333332
1962,22.333333333333332
1963,15.166666666666666
1964,21.5
1965,13.333333333333334
1966,19.666666666666668
1967,23.5
1968,16.166666666666668
1969,15.0
1970,25.833333333333332
1971,18.5
1972,13.833333333333334
1973,14.0
1974,14.5
1975,18.666666666666668
1976,15.833333333333334
1977,15.333333333333334
1978,13.0
1979,19.166666666666668
1980,18.333333333333332
1981,14.0
1982,21.166666666666668
1983,14.333333333333334
1984,16.333333333333332
1985,14.833333333333334
1986,10.166666666666666
1987,18.166666666666668
1988,18.5
1989,16.5
1990,16.5
1991,17.666666666666668
1992,16.5
1993,14.0
1994,12.833333333333334
1995,16.666666666666668
1996,21.5
1997,21.166666666666668
1998,19.333333333333332
1999,19.0
2000,18.666666666666668
2001,14.0
2002,14.833333333333334
2003,17.333333333333332
2004,20.5
2005,16.5
2006,20.0
2007,10.833333333333334
2008,18.5
2009,22.666666666666668
2010,12.333333333333334
2011,15.0
2012,15.166666666666666
2013,19.833333333333332
2014,18.166666666666668
2015,21.0
2016,17.5
2017,22.0
2018,23.666666666666668
2019,14.5
2020,15.166666666666666
2021,23.5
2022,14.833333333333334
2023,21.333333333333332
2024,15.333333333333334
2025,12.333333333333334
2026,20.333333333333332
2027,15.666666666666666
2028,17.333333333333332
2029,19.833333333333332
2030,17.166666666666668
2031,16.666666666666668
2032,22.333333333333332
2033,16.833333333333332
2034,15.166666666666666
2035,15.833333333333334
2036,12.166666666666666
2037,20.333333333333332
2038,18.333333333333332
2039,13.833333333333334
2040,15.666666666666666
2041,17.0
2042,20.0
2043,19.666666666666668
2044,10.333333333333334
2045,13.5
2046,21.166666666666668
2047,15.0
2048,22.833333333333332
2049,9.0
2050,18.0
2051,12.833333333333334
2052,18.333333333333332
2053,17.5
2054,23.0
2055,14.5
2056,19.666666666666668
2057,17.333333333333332
2058,17.0
2059,15.666666666666666
2060,19.833333333333332
2061,11.5
2062,19.166666666666668
2063,18.5
2064,15.0
2065,23.333333333333332
2066,17.666666666666668
2067,13.5
2068,17.833333333333332
2069,12.166666666666666
2070,13.166666666666666
2071,13.0
2072,16.333333333333332
2073,17.333333333333332
2074,14.833333333333334
2075,9.833333333333334
2076,23.5
2077,17.333333333333332
2078,16.833333333333332
2079,14.666666666666666
2080,15.333333333333334
2081,19.333333333333332
2082,15.0
2083,19.0
2084,18.333333333333332
2085,16.666666666666668
2086,17.166666666666668
2087,17.5
2088,11.5
2089,20.5
2090,12.833333333333334
2091,12.166666666666666
2092,24.5
2093,15.166666666666666
2094,7.833333333333333
2095,19.666666666666668
2096,21.166666666666668
2097,15.666666666666666
2098,18.666666666666668
2099,15.0
2100,11.666666666666666
2101,14.5
2102,20.333333333333332
2103,13.333333333333334
2104,19.5
2105,16.5
2106,16.333333333333332
2107,17.833333333333332
2108,18.833333333333332
2109,24.0
2110,17.5
2111,13.333333333333334
2112,18.166666666666668
2113,16.333333333333332
2114,18.5
2115,21.0
2116,17.0
2117,9.666666666666666
2118,12.166666666666666
2119,10.833333333333334
2120,16.833333333333332
2121,18.0
2122,15.666666666666666
2123,14.666666666666666
2124,18.333333333333332
2125,17.333333333333332
2126,18.0
2127,13.166666666666666
2128,8.5
2129,10.166666666666666
2130,15.833333333333334
2131,16.5
2132,15.833333333333334
2133,17.166666666666668
2134,22.5
2135,15.833333333333334
2136,13.833333333333334
2137,13.833333333333334
2138,11.5
2139,13.833333333333334
2140,18.0
2141,16.666666666666668
2142,14.833333333333334
2143,17.0
2144,23.5
2145,14.666666666666666
2146,18.333333333333332
2147,16.833333333333332
2148,13.166666666666666
2149,18.833333333333332
2150,22.5
2151,14.333333333333334
2152,14.0
2153,17.833333333333332
2154,12.333333333333334
2155,22.333333333333332
2156,17.166666666666668
2157,13.166666666666666
2158,21.666666666666668
2159,18.5
2160,14.166666666666666
2161,16.666666666666668
2162,12.166666666666666
2163,18.666666666666668
2164,14.666666666666666
2165,19.166666666666668
2166,15.0
2167,18.5
2168,20.0
2169,9.5
2170,19.5
2171,21.333333333333332
2172,17.166666666666668
2173,21.0
2174,20.833333333333332
2175,13.0
2176,17.0
2177,20.333333333333332
2178,18.666666666666668
2179,22.166666666666668
2180,17.166666666666668
2181,14.666666666666666
2182,18.5
2183,13.666666666666666
2184,10.0
2185,18.166666666666668
2186,15.666666666666666
2187,12.0
2188,13.833333333333334
2189,19.166666666666668
2190,22.5
2191,20.0
2192,25.833333333333332
2193,8.833333333333334
2194,18.166666666666668
2195,13.666666666666666
2196,19.333333333333332
2197,15.0
2198,21.833333333333332
2199,17.833333333333332
2200,16.166666666666668
2201,17.5
2202,17.166666666666668
2203,10.166666666666666
2204,19.833333333333332
2205,13.333333333333334
2206,14.333333333333334
2207,17.5
2208,23.666666666666668
2209,16.5
2210,23.0
2211,22.5
2212,12.0
2213,21.666666666666668
2214,12.0
2215,18.833333333333332
2216,14.833333333333334
2217,19.5
2218,18.166666666666668
2219,16.166666666666668
2220,20.666666666666668
2221,21.0
2222,15.666666666666666
2223,18.0
2224,16.166666666666668
2225,14.333333333333334
2226,16.166666666666668
2227,12.5
2228,17.666666666666668
2229,19.833333333333332
2230,23.5
2231,16.333333333333332
2232,15.833333333333334
2233,13.0
2234,12.833333333333334
2235,12.166666666666666
2236,21.0
2237,18.666666666666668
2238,24.5
2239,21.0
2240,14.666666666666666
2241,16.0
2242,22.666666666666668
2243,13.166666666666666
2244,24.0
2245,18.666666666666668
2246,11.0
2247,19.0
2248,20.833333333333332
2249,10.666666666666666
2250,16.666666666666668
2251,15.666666666666666
2252,17.666666666666668
2253,14.666666666666666
2254,19.833333333333332
2255,10.166666666666666
2256,9.0
2257,18.833333333333332
2258,11.666666666666666
2259,11.166666666666666
2260,18.0
2261,14.333333333333334
2262,12.833333333333334
2263,17.666666666666668
2264,17.5
2265,14.166666666666666
2266,18.5
2267,13.833333333333334
2268,20.166666666666668
2269,13.666666666666666
2270,11.0
2271,14.333333333333334
2272,18.166666666666668
2273,9.833333333333334
2274,18.666666666666668
2275,18.166666666666668
2276,15.0
2277,10.166666666666666
2278,20.5
2279,13.166666666666666
2280,18.5
2281,14.5
2282,15.333333333333334
2283,12.5
2284,15.333333333333334
2285,20.166666666666668
2286,17.666666666666668
2287,12.833333333333334
2288,16.333333333333332
2289,19.5
2290,12.833333333333334
2291,21.333333333333332
2292,16.0
2293,13.5
2294,18.5
2295,14.333333333333334
2296,9.0
2297,17.333333333333332
2298,18.0
2299,20.833333333333332
2300,16.833333333333332
2301,18.833333333333332
2302,15.833333333333334
2303,15.5
2304,18.0
2305,14.833333333333334
2306,17.333333333333332
2307,17.666666666666668
2308,14.5
2309,15.833333333333334
2310,14.0
2311,14.0
2312,19.333333333333332
2313,10.333333333333334
2314,18.833333333333332
2315,21.0
2316,17.666666666666668
2317,16.5
2318,18.833333333333332
2319,13.833333333333334
2320,14.333333333333334
2321,18.666666666666668
2322,18.166666666666668
2323,16.5
2324,20.166666666666668
2325,16.333333333333332
2326,18.5
2327,15.833333333333334
2328,19.333333333333332
2329,24.666666666666668
2330,17.0
2331,14.166666666666666
2332,10.0
2333,7.666666666666667
2334,14.166666666666666
2335,10.833333333333334
2336,17.333333333333332
2337,27.166666666666668
2338,9.833333333333334
2339,13.166666666666666
2340,22.166666666666668
2341,10.0
2342,19.166666666666668
2343,12.833333333333334
2344,20.833333333333332
2345,22.5
2346,18.5
2347,19.333333333333332
2348,14.833333333333334
2349,19.666666666666668
2350,17.166666666666668
2351,15.833333333333334
2352,14.5
2353,19.166666666666668
2354,16.333333333333332
2355,10.333333333333334
2356,16.5
2357,19.833333333333332
2358,19.0
2359,17.333333333333332
2360,18.166666666666668
2361,8.333333333333334
2362,20.0
2363,18.833333333333332
2364,26.666666666666668
2365,14.833333333333334
2366,14.5
2367,15.0
2368,17.166666666666668
2369,10.0
2370,19.5
2371,20.833333333333332
2372,13.5
2373,12.0
2374,19.5
2375,12.666666666666666
2376,20.666666666666668
2377,18.333333333333332
2378,16.333333333333332
2379,17.5
2380,11.5
2381,17.5
2382,14.833333333333334
2383,19.0
2384,23.666666666666668
2385,16.166666666666668
2386,9.0
2387,21.666666666666668
2388,20.666666666666668
2389,10.0
2390,17.166666666666668
2391,15.833333333333334
2392,19.333333333333332
2393,17.833333333333332
2394,8.666666666666666
2395,16.0
2396,12.833333333333334
2397,21.333333333333332
2398,16.166666666666668
2399,15.333333333333334
2400,16.166666666666668
2401,20.666666666666668
2402,14.666666666666666
2403,17.5
2404,16.833333333333332
2405,18.166666666666668
2406,20.0
2407,13.166666666666666
2408,16.5
2409,12.5
2410,13.833333333333334
2411,11.0
2412,21.166666666666668
2413,15.5
2414,13.833333333333334
2415,18.833333333333332
2416,9.0
2417,16.333333333333332
2418,9.833333333333334
2419,15.166666666666666
2420,20.166666666666668
2421,19.166666666666668
2422,19.333333333333332
2423,24.0
2424,14.5
2425,17.666666666666668
2426,15.333333333333334
2427,20.0
2428,16.333333333333332
2429,19.0
2430,18.5
2431,15.166666666666666
2432,9.166666666666666
2433,25.5
2434,19.833333333333332
2435,21.166666666666668
2436,15.666666666666666
2437,23.0
2438,11.5
2439,15.5
2440,24.666666666666668
2441,19.333333333333332
2442,20.5
2443,15.166666666666666
2444,15.0
2445,24.5
2446,12.666666666666666
2447,19.166666666666668
2448,13.0
2449,9.166666666666666
2450,20.5
2451,24.333333333333332
2452,11.833333333333334
2453,15.166666666666666
2454,14.833333333333334
2455,16.833333333333332
2456,17.666666666666668
2457,13.833333333333334
2458,20.5
2459,15.333333333333334
2460,16.5
2461,15.166666666666666
2462,17.833333333333332
2463,13.5
2464,17.666666666666668
2465,21.333333333333332
2466,16.333333333333332
2467,19.666666666666668
2468,15.333333333333334
2469,20.333333333333332
2470,20.666666666666668
2471,16.0
2472,17.333333333333332
2473,11.333333333333334
2474,13.833333333333334
2475,13.333333333333334
2476,18.666666666666668
2477,20.833333333333332
2478,21.5
2479,24.166666666666668
2480,17.5
2481,15.333333333333334
2482,15.166666666666666
2483,23.166666666666668
2484,17.833333333333332
2485,21.166666666666668
2486,11.333333333333334
2487,12.5
2488,10.666666666666666
2489,14.0
2490,20.0
2491,14.5
2492,17.0
2493,15.333333333333334
2494,15.0
2495,20.0
2496,17.166666666666668
2497,18.833333333333332
2498,21.333333333333332
2499,10.333333333333334
2500,17.0
2501,22.5
2502,17.833333333333332
2503,17.5
2504,12.666666666666666
2505,14.833333333333334
2506,14.333333333333334
2507,17.5
2508,21.0
2509,17.166666666666668
2510,14.166666666666666
2511,20.833333333333332
2512,14.5
2513,23.833333333333332
2514,21.0
2515,20.666666666666668
2516,11.666666666666666
2517,18.333333333333332
2518,10.0
2519,12.666666666666666
2520,22.833333333333332
2521,13.333333333333334
2522,18.5
2523,15.166666666666666
2524,9.166666666666666
2525,21.0
2526,14.5
2527,12.5
2528,11.666666666666666
2529,25.333333333333332
2530,11.0
2531,16.0
2532,18.166666666666668
2533,18.833333333333332
2534,23.0
2535,14.0
2536,13.666666666666666
2537,19.333333333333332
2538,17.0
2539,18.833333333333332
2540,24.5
2541,12.333333333333334
2542,13.666666666666666
2543,18.833333333333332
2544,16.5
2545,22.333333333333332
2546,18.333333333333332
2547,11.666666666666666
2548,13.166666666666666
2549,12.833333333333334
2550,12.5
2551,16.666666666666668
2552,11.833333333333334
2553,19.666666666666668
2554,15.166666666666666
2555,16.0
2556,23.666666666666668
2557,18.333333333333332
2558,21.5
2559,11.5
2560,19.166666666666668
2561,12.5
2562,19.5
2563,18.666666666666668
2564,19.0
2565,15.666666666666666
2566,14.0
2567,20.833333333333332
2568,12.0
2569,13.333333333333334
2570,17.0
2571,22.166666666666668
2572,19.333333333333332
2573,21.0
2574,15.166666666666666
2575,18.666666666666668
2576,15.833333333333334
2577,16.666666666666668
2578,22.333333333333332
2579,13.166666666666666
2580,8.833333333333334
2581,15.0
2582,13.666666666666666
2583,15.333333333333334
2584,14.333333333333334
2585,16.833333333333332
2586,17.666666666666668
2587,17.0
2588,16.166666666666668
2589,18.166666666666668
2590,22.166666666666668
2591,15.5
2592,14.833333333333334
2593,22.0
2594,16.0
2595,10.0
2596,13.0
2597,21.166666666666668
2598,17.333333333333332
2599,18.666666666666668
2600,22.5
2601,11.333333333333334
2602,13.833333333333334
2603,11.0
2604,21.5
2605,15.166666666666666
2606,21.5
2607,18.666666666666668
2608,17.5
2609,13.166666666666666
2610,13.666666666666666
2611,22.333333333333332
2612,19.666666666666668
2613,17.5
2614,15.666666666666666
2615,17.5
2616,13.0
2617,16.666666666666668
2618,18.166666666666668
2619,18.333333333333332
2620,13.0
2621,17.333333333333332
2622,16.666666666666668
2623,12.5
2624,17.166666666666668
2625,15.666666666666666
2626,14.5
2627,12.833333333333334
2628,22.0
2629,20.833333333333332
2630,4.833333333333333
2631,14.5
2632,20.833333333333332
2633,16.0
2634,22.5
2635,20.0
2636,14.5
2637,16.5
2638,16.333333333333332
2639,14.0
2640,14.666666666666666
2641,22.0
2642,10.833333333333334
2643,20.5
2644,14.833333333333334
统计号码出现次数
,,28,438,,,,
,,26,519,,,,
,,13,478,,,,
,,12,480,,,,
,,11,471,,,,
,,10,483,,,,
,,21,462,,,,
,,20,503,,,,
,,19,487,,,,
,,9,478,,,,
,,4,477,,,,
,,32,509,,,,
,,23,460,,,,
,,7,492,,,,
,,1,525,,,,
,,25,465,,,,
,,6,497,,,,
,,31,454,,,,
,,30,483,,,,
,,17,497,,,,
,,15,460,,,,
,,27,491,,,,
,,3,479,,,,
,,14,523,,,,
,,8,496,,,,
,,5,475,,,,
,,22,515,,,,
,,18,492,,,,
,,24,439,,,,
,,2,486,,,,
,,16,474,,,,
,,33,417,,,,
,,29,459,,,,
统计奇偶比出现次数
,,,,0.5,606,,
,,,,1.0,945,,
,,,,2.0,645,,
,,,,5.0,206,,
,,,,0.2,177,,
,,,,0.0,29,,
,,,,6,36,,
统计总的奇偶比
,,,,,,8050,7814
